<?xml version="1.0" encoding="UTF-8"?>
<mets xmlns="http://www.loc.gov/METS/" ID="f1857db0-5e5c-49ab-85c7-2d34e63ba891" LABEL="DSpace SWORD Item" PROFILE="DSpace METS SIP Profile 1.0"><fileSec ID="f1356687-344c-4001-b9f3-803ff96c3b50"><fileGrp ID="c66421fc-f0d6-47bb-952e-243491913786" USE="CONTENT"><file CHECKSUM="2e5675221da66a2a4faa25d7c71dfb09" CHECKSUMTYPE="MD5" ID="a3cde7d4-d6d9-4a9b-a430-fc35bcef9399" MIMETYPE="application/x-tika-msoffice" SIZE="68608"><FLocat ID="1255f319-5010-4e66-bd54-72a2bf4626e9" LOCTYPE="URL" xmlns:xlink="http://www.w3.org/1999/xlink" xlink:href="data/Sample2.doc"/></file><file CHECKSUM="f1dcb2435303cb846d6014e43351ecc6" CHECKSUMTYPE="MD5" ID="719e96a3-9b66-45e4-b8e8-660eecf9ba9b" MIMETYPE="text/plain" SIZE="69"><FLocat ID="78ae8250-3b4d-43d3-a2f3-18434c866c43" LOCTYPE="URL" xmlns:xlink="http://www.w3.org/1999/xlink" xlink:href="data/bulk_meta.xml"/></file><file CHECKSUM="03ffb26edcf6efe77c8acfaefa5ceffb" CHECKSUMTYPE="MD5" ID="0d9d1a2f-ac07-4a48-9f8b-00fca79cc92c" MIMETYPE="image/tiff" SIZE="6640585"><FLocat ID="14683cab-c03a-4286-9f35-b3e9722b2fd5" LOCTYPE="URL" xmlns:xlink="http://www.w3.org/1999/xlink" xlink:href="data/Figure1.tif"/></file><file CHECKSUM="b5942799e5a7e27cbb439a70236dc7f9" CHECKSUMTYPE="MD5" ID="2c61bbaf-bac3-4ca1-8279-495837798eea" MIMETYPE="application/pdf" SIZE="80758"><FLocat ID="de6b1319-a44c-42cd-a85a-d35baf2cbf85" LOCTYPE="URL" xmlns:xlink="http://www.w3.org/1999/xlink" xlink:href="data/ilford panf.pdf"/></file><file CHECKSUM="74d1c57e9b923e52a8b776b35f645de6" CHECKSUMTYPE="MD5" ID="692f3f6a-6b14-4f5e-bf4f-b4d7277f5d5d" MIMETYPE="application/vnd.oasis.opendocument.spreadsheet" SIZE="8146"><FLocat ID="b851e294-3960-4c34-88ff-02e4504aed80" LOCTYPE="URL" xmlns:xlink="http://www.w3.org/1999/xlink" xlink:href="data/Table.ods"/></file><file CHECKSUM="68896450821ed6383735aca16295954e" CHECKSUMTYPE="MD5" ID="96a75a77-23b2-413b-8d59-b68292cc3063" MIMETYPE="image/jpeg" SIZE="199679"><FLocat ID="0d2e36db-b0a4-4e66-91bf-0c5ae274dcb2" LOCTYPE="URL" xmlns:xlink="http://www.w3.org/1999/xlink" xlink:href="data/Chart.jpg"/></file><file CHECKSUM="8aa51bb060d8204b0fc1f5ddffc39482" CHECKSUMTYPE="MD5" ID="c27dc228-a6a9-4af9-b322-0d7ce48334e4" MIMETYPE="text/plain" SIZE="68"><FLocat ID="babc1e84-b98e-4500-8ea2-818528727900" LOCTYPE="URL" xmlns:xlink="http://www.w3.org/1999/xlink" xlink:href="data/manifest.txt"/></file><file CHECKSUM="f22dbc8a63fb9e05bb5212705ef25828" CHECKSUMTYPE="MD5" ID="e52f2b87-a545-40a8-92b2-305346b91fdf" MIMETYPE="image/png" SIZE="38094"><FLocat ID="8e9f966b-ee5c-4323-85a0-94f55fdacf20" LOCTYPE="URL" xmlns:xlink="http://www.w3.org/1999/xlink" xlink:href="data/Figure2.png"/></file></fileGrp></fileSec><dmdSec GROUPID="1c55e8bb-4b6e-40a4-a6ba-3f9b56f7bf8a" ID="fb6f222c-67fd-4560-b885-2aa958fef399"><mdWrap ID="c5b269f5-9661-404c-a6fa-663827db9b34" MDTYPE="DC"><xmlData><qualifieddc xmlns="http://purl.org/dc/terms/" xmlns:dc="http://purl.org/dc/elements/1.1/" xmlns:dcterms="http://purl.org/dc/terms/" xmlns:dim="http://www.dspace.org/xmlns/dspace/dim" xmlns:xlink="http://www.w3.org/1999/xlink" xmlns:xsi="http://www.w3.org/2001/XMLSchema-instance"><dc:contributor xmlns:dc="http://purl.org/dc/elements/1.1/">Stephen Hawking</dc:contributor><dc:title xmlns:dc="http://purl.org/dc/elements/1.1/">Two stupendous minds.</dc:title><!--This DOI points to the published version of the manuscript, available after any embargo period has been satisfied.--><dcterms:hasVersion xmlns:dcterms="http://purl.org/dc/terms/">123/456</dcterms:hasVersion><dcterms:abstract xmlns:dcterms="http://purl.org/dc/terms/">This is an abstract for the manuscript, provided by the submitter.</dcterms:abstract><dc:description xmlns:dc="http://purl.org/dc/elements/1.1/">Submission published under an embargo, which will last until 2018-07-09</dc:description></qualifieddc></xmlData></mdWrap></dmdSec><dmdSec GROUPID="5b1cea7c-5ac3-4c19-9151-785434f496dd" ID="01884535-39f8-42bb-9d31-2e2f56597ffb"><mdWrap ID="8698dcaa-4602-4277-9b7d-7092f03363ea" MDTYPE="OTHER" OTHERMDTYPE="DIM"><xmlData><dim:dim xmlns:dim="http://www.dspace.org/xmlns/dspace/dim" xmlns:dc="http://purl.org/dc/elements/1.1/" xmlns:dcterms="http://purl.org/dc/terms/" xmlns:xlink="http://www.w3.org/1999/xlink" xmlns:xsi="http://www.w3.org/2001/XMLSchema-instance"><dim:field element="embargo" mdschema="local" qualifier="lift">2018-07-09</dim:field><dim:field element="embargo" mdschema="local" qualifier="terms">2018-07-09</dim:field><dim:field element="description" mdschema="dc" qualifier="provenance">Submission published under an embargo, which will last until 2018-07-09</dim:field></dim:dim></xmlData></mdWrap></dmdSec><structMap ID="daa56063-667f-4b87-bce9-aab47e2f5875" LABEL="DSpace CONTENT bundle structure"><div DMDID="fb6f222c-67fd-4560-b885-2aa958fef399 01884535-39f8-42bb-9d31-2e2f56597ffb" ID="0b14af39-664f-4e98-8a6f-d06115ffb243" LABEL="DSpace Item Div"><fptr FILEID="a3cde7d4-d6d9-4a9b-a430-fc35bcef9399" ID="92448ecc-4293-4432-80d9-86fb52f5843a"/><fptr FILEID="719e96a3-9b66-45e4-b8e8-660eecf9ba9b" ID="a48854df-cca3-4e72-a105-0fbb459ef69d"/><fptr FILEID="0d9d1a2f-ac07-4a48-9f8b-00fca79cc92c" ID="bb7628db-9aa2-4553-aa73-2bd9d7aaad36"/><fptr FILEID="2c61bbaf-bac3-4ca1-8279-495837798eea" ID="61e1a9a9-5cb6-4595-943b-8b9e4246768d"/><fptr FILEID="692f3f6a-6b14-4f5e-bf4f-b4d7277f5d5d" ID="3e134901-6269-49bb-9dfd-925d1b4091b2"/><fptr FILEID="96a75a77-23b2-413b-8d59-b68292cc3063" ID="e8a83519-0b59-4cf7-814d-ad19971ae577"/><fptr FILEID="c27dc228-a6a9-4af9-b322-0d7ce48334e4" ID="09daf2ca-4df2-4b53-a806-480ca2fd6983"/><fptr FILEID="e52f2b87-a545-40a8-92b2-305346b91fdf" ID="d9aa4e8b-bfd9-42ff-92ed-79b713759080"/></div></structMap></mets>